关键词,国家代码,广告标题,广告URL,目标URL,真实目标URL,Ref参数,Ch参数,UTM Campaign参数,广告描述,位置,抓取时间
bingx exchange,es,Bingx - Fast Deposit & Withdrawal - Bingx Official Site,https://www.googleadservices.com/pagead/aclk?sa=L&ai=DChsSEwj5tffkvsqPAxXTDoMDHWxUJqQYACICCAIQABoCc2Y&co=1&ase=2&gclid=EAIaIQobChMI-bX35L7KjwMV0w6DAx1sVCakEAMYASAAEgKFyvD_BwE&ohost=www.google.com&cid=CAASJeRoaq1Dd7k1yNHVwqnRRzRe4-7qs5vTZ1F1Wf74qd2a0U3GAZo&category=acrcp_v1_40&sig=AOD64_3rzbWuVJRmCT4Iw_K9HsyWCMx3bw&q&nis=4&adurl,,https://bingx.com/en/signalTrade/createBotOrder/?ref=IGXFYC&gad_source=1&gad_campaignid=22664293181&gbraid=0AAAAApCrACZnAZsf1Q7XSOT9K6lMEOn8x&gclid=EAIaIQobChMI-bX35L7KjwMV0w6DAx1sVCakEAMYASAAEgKFyvD_BwE,IGXFYC,,,,1,2025-09-09 09:07:08.977477
bingx exchange,fr,Bingx,https://www.google.com/aclk?sa=L&ai=DChsSEwi4sZrdvsqPAxWwqf0FHdeDJlgYACICCAEQABoCd2Y&co=1&ase=2&gclid=EAIaIQobChMIuLGa3b7KjwMVsKn9BR3XgyZYEAAYASAAEgKRGPD_BwE&cce=2&category=acrcp_v1_32&sig=AOD64_2gd8kH4OfcGktZ27JJU0LCYD_lcw&q&nis=4&adurl,,https://bingx.com/en/signalTrade/createBotOrder/?ref=IGXFYC&gad_source=1&gad_campaignid=22664365835&gbraid=0AAAAApDpv3-33IlG8CulsVnyfnPQuLfzN&gclid=EAIaIQobChMIuLGa3b7KjwMVsKn9BR3XgyZYEAAYASAAEgKRGPD_BwE,IGXFYC,,,,1,2025-09-09 09:06:55.494261
bingx exchange,fr,High-speed Matching Engine,https://www.google.com/aclk?sa=L&ai=DChsSEwi4sZrdvsqPAxWwqf0FHdeDJlgYACICCAEQARoCd2Y&co=1&ase=2&gclid=EAIaIQobChMIuLGa3b7KjwMVsKn9BR3XgyZYEAAYASABEgJsjfD_BwE&cce=2&category=acrcp_v1_32&sig=AOD64_27dHOyhup09kzB5hy77EAwzqWuRg&q&nis=4&adurl,,https://bingx.com/en/signalTrade/createBotOrder/?ref=IGXFYC&gad_source=1&gad_campaignid=22664365835&gbraid=0AAAAApDpv3-33IlG8CulsVnyfnPQuLfzN&gclid=EAIaIQobChMIuLGa3b7KjwMVsKn9BR3XgyZYEAAYASABEgJsjfD_BwE,IGXFYC,,,,2,2025-09-09 09:06:55.494261
bingx exchange,fr,Bingx Official Site - Fast Deposit & Withdrawal - Bingx,https://www.google.com/aclk?sa=L&ai=DChsSEwi4sZrdvsqPAxWwqf0FHdeDJlgYACICCAIQABoCd2Y&co=1&ase=2&gclid=EAIaIQobChMIuLGa3b7KjwMVsKn9BR3XgyZYEAMYASAAEgJ68fD_BwE&cce=2&category=acrcp_v1_32&sig=AOD64_1WRkRuWVjIuiN1vj_JEq5EoHd58g&q&nis=4&adurl,,https://bingx.com/en/signalTrade/createBotOrder/?ref=IGXFYC&gad_source=1&gad_campaignid=22664293181&gbraid=0AAAAApCrACYAs_iGhQGJuIPI8FKiB0UGc&gclid=EAIaIQobChMIuLGa3b7KjwMVsKn9BR3XgyZYEAMYASAAEgJ68fD_BwE,IGXFYC,,,,3,2025-09-09 09:06:55.494261
bingx exchange,ja,Bingx Official Site | Fast Deposit & Withdrawal | Bingx,https://www.google.com/aclk?sa=L&ai=DChsSEwj8o_XUvsqPAxUjm1AGHU01C5sYACICCAEQARoCZGc&co=1&ase=2&gclid=EAIaIQobChMI_KP11L7KjwMVI5tQBh1NNQubEAAYASAAEgImivD_BwE&cce=2&category=acrcp_v1_32&sig=AOD64_0zdpRVTGOVCfFLAn12aZ2LxOne_A&q&nis=4&adurl,,https://bingx.com/en/signalTrade/createBotOrder/?ref=IGXFYC&gad_source=1&gad_campaignid=22664293181&gbraid=0AAAAApCrACZnAZsf1Q7XSOT9K6lMEOn8x&gclid=EAIaIQobChMI_KP11L7KjwMVI5tQBh1NNQubEAAYASAAEgImivD_BwE,IGXFYC,,,,1,2025-09-09 09:06:38.073240
bingx exchange,ja,High-speed Matching Engine,https://www.google.com/aclk?sa=L&ai=DChsSEwj8o_XUvsqPAxUjm1AGHU01C5sYACICCAEQAxoCZGc&co=1&ase=2&gclid=EAIaIQobChMI_KP11L7KjwMVI5tQBh1NNQubEAAYASABEgIbjfD_BwE&cce=2&category=acrcp_v1_32&sig=AOD64_1yC_MoLG82egY6W4C8YjODgbZj-Q&q&nis=4&adurl,,https://bingx.com/en/signalTrade/createBotOrder/?ref=IGXFYC&gad_source=1&gad_campaignid=22664293181&gbraid=0AAAAApCrACZnAZsf1Q7XSOT9K6lMEOn8x&gclid=EAIaIQobChMI_KP11L7KjwMVI5tQBh1NNQubEAAYASABEgIbjfD_BwE,IGXFYC,,,,2,2025-09-09 09:06:38.073240
bingx exchange,ja,24/7 Multilingual Support,https://www.google.com/aclk?sa=L&ai=DChsSEwj8o_XUvsqPAxUjm1AGHU01C5sYACICCAEQBBoCZGc&co=1&ase=2&gclid=EAIaIQobChMI_KP11L7KjwMVI5tQBh1NNQubEAAYASACEgJTe_D_BwE&cce=2&category=acrcp_v1_32&sig=AOD64_2IgP1_gN3wncp_EjEg2gjrQNKsEw&q&nis=4&adurl,,https://bingx.com/en/signalTrade/createBotOrder/?ref=IGXFYC&gad_source=1&gad_campaignid=22664293181&gbraid=0AAAAApCrACZnAZsf1Q7XSOT9K6lMEOn8x&gclid=EAIaIQobChMI_KP11L7KjwMVI5tQBh1NNQubEAAYASACEgJTe_D_BwE,IGXFYC,,,,3,2025-09-09 09:06:38.073240
bingx exchange,ja,The BTC Exchange | Buy & Sell Bitcoin Instantly,https://www.google.com/aclk?sa=L&ai=DChsSEwj8o_XUvsqPAxUjm1AGHU01C5sYACICCAEQABoCZGc&co=1&ase=2&gclid=EAIaIQobChMI_KP11L7KjwMVI5tQBh1NNQubEAAYAiAAEgJv5PD_BwE&cce=2&category=acrcp_v1_32&sig=AOD64_0FFFPPYooh2DIdMR8OPYXioyH0qA&q&nis=4&adurl,,https://www.gemini.com/uk?utm_source=google&utm_campaignID=22931326752&utm_adgroupID=190129396488&utm_creativeID=771236143862&utm_medium=cpc&utm_content=p&utm_term=bitcoin%20exchange&gad_source=1&gad_campaignid=22931326752&gbraid=0AAAAACAY4aOa2Rw9gvbgbSuvZ50jDAfmt&gclid=EAIaIQobChMI_KP11L7KjwMVI5tQBh1NNQubEAAYAiAAEgJv5PD_BwE,,,,,4,2025-09-09 09:06:38.073240
bingx exchange,ja,View Prices,https://www.google.com/aclk?sa=L&ai=DChsSEwj8o_XUvsqPAxUjm1AGHU01C5sYACICCAEQAhoCZGc&co=1&ase=2&gclid=EAIaIQobChMI_KP11L7KjwMVI5tQBh1NNQubEAAYAiABEgLgJvD_BwE&cce=2&category=acrcp_v1_32&sig=AOD64_11cFlCxR7jtDIo64kfbXp1eRUwqw&q&nis=4&adurl,,https://www.gemini.com/prices?utm_source=google&utm_campaignID=22931326752&utm_adgroupID=190129396488&utm_creativeID=771236143862&utm_medium=cpc&utm_content=p&utm_term=bitcoin%20exchange&gad_source=1&gad_campaignid=22931326752&gbraid=0AAAAACAY4aOa2Rw9gvbgbSuvZ50jDAfmt&gclid=EAIaIQobChMI_KP11L7KjwMVI5tQBh1NNQubEAAYAiABEgLgJvD_BwE,,,,,5,2025-09-09 09:06:38.073240
bingx exchange,ja,Best Exchange for Beginners,https://www.google.com/aclk?sa=L&ai=DChsSEwj8o_XUvsqPAxUjm1AGHU01C5sYACICCAEQBRoCZGc&co=1&ase=2&gclid=EAIaIQobChMI_KP11L7KjwMVI5tQBh1NNQubEAAYAiACEgJIUfD_BwE&cce=2&category=acrcp_v1_32&sig=AOD64_1f2BLkuMHQiPr1nVbExd6C4WZZ4A&q&nis=4&adurl,,https://www.gemini.com/uk?utm_source=google&utm_campaignID=22931326752&utm_adgroupID=190129396488&utm_creativeID=771236143862&utm_medium=cpc&utm_content=p&utm_term=bitcoin%20exchange&gad_source=1&gad_campaignid=22931326752&gbraid=0AAAAACAY4aOa2Rw9gvbgbSuvZ50jDAfmt&gclid=EAIaIQobChMI_KP11L7KjwMVI5tQBh1NNQubEAAYAiACEgJIUfD_BwE,,,,,6,2025-09-09 09:06:38.073240
bingx exchange,ja,Bingx Official Site | Fast Deposit & Withdrawal | Bingx,https://www.google.com/aclk?sa=L&ai=DChsSEwj8o_XUvsqPAxUjm1AGHU01C5sYACICCAIQABoCZGc&co=1&ase=2&gclid=EAIaIQobChMI_KP11L7KjwMVI5tQBh1NNQubEAMYASAAEgI4ifD_BwE&cce=2&category=acrcp_v1_32&sig=AOD64_3WwwStwcEdHqrkqXdjOBTv8hPVpQ&q&nis=4&adurl,,https://bingx.com/en/signalTrade/createBotOrder/?ref=IGXFYC&gad_source=1&gad_campaignid=22664365835&gbraid=0AAAAApDpv3--8WeH7HXVLdQbBklhfmIyq&gclid=EAIaIQobChMI_KP11L7KjwMVI5tQBh1NNQubEAMYASAAEgI4ifD_BwE,IGXFYC,,,,7,2025-09-09 09:06:38.073240
bingx exchange,tw,BingX Spot Exchange | BingX Derivatives Exchange,https://www.google.com/aclk?sa=L&ai=DChsSEwjLvdzQvsqPAxXX_nkEHYUbCicYACICCAEQABoCd2Y&ae=2&co=1&ase=2&gclid=EAIaIQobChMIy73c0L7KjwMV1_55BB2FGwonEAAYASAAEgKhIvD_BwE&cce=2&category=acrcp_v1_71&sig=AOD64_2Gt05C3_XqoW5jSdHC76VdLfwnwg&q&nis=4&adurl,,https://bingx.com/?ch=google_cpc_sem_infi_ww_bingxoffical&ref=AVSTF3&utm_campaign=sem_infi_ww_bingxoffical&utm_medium=cpc&utm_source=google&gclsrc=aw.ds&gad_source=1&gad_campaignid=22616120115&gbraid=0AAAAA-DO3fB8dPhmlrAKcytwyJoVtRBwq&gclid=EAIaIQobChMIy73c0L7KjwMV1_55BB2FGwonEAAYASAAEgKhIvD_BwE,AVSTF3,google_cpc_sem_infi_ww_bingxoffical,sem_infi_ww_bingxoffical,,1,2025-09-09 09:06:29.474750
bingx exchange,tw,BingX Derivatives Exchange | BingX Official Site,https://www.google.com/aclk?sa=L&ai=DChsSEwjLvdzQvsqPAxXX_nkEHYUbCicYACICCAIQABoCd2Y&ae=2&co=1&ase=2&gclid=EAIaIQobChMIy73c0L7KjwMV1_55BB2FGwonEAMYASAAEgJmSfD_BwE&cce=2&category=acrcp_v1_71&sig=AOD64_0T6eLjY2BliuqlE6yotwmr_NrQLQ&q&nis=4&adurl,,https://bingx.com/?ch=google_cpc_sem_infi_ww_bingxoffical&ref=AVSTF3&utm_campaign=sem_infi_ww_bingxoffical&utm_medium=cpc&utm_source=google&gclsrc=aw.ds&gad_source=1&gad_campaignid=22616120115&gbraid=0AAAAA-DO3fB8dPhmlrAKcytwyJoVtRBwq&gclid=EAIaIQobChMIy73c0L7KjwMV1_55BB2FGwonEAMYASAAEgJmSfD_BwE,AVSTF3,google_cpc_sem_infi_ww_bingxoffical,sem_infi_ww_bingxoffical,,2,2025-09-09 09:06:29.474750
bingx exchange,de,Bingx | Fast Deposit & Withdrawal | Bingx Official Site,https://www.googleadservices.com/pagead/aclk?sa=L&ai=DChsSEwjNt6fNvsqPAxWowkwCHZ6xDkcYACICCAEQABoCdG0&co=1&ase=2&gclid=EAIaIQobChMIzbenzb7KjwMVqMJMAh2esQ5HEAAYASAAEgK8c_D_BwE&ohost=www.google.com&cid=CAASJORoJtOHRerU1Lv-4M0u2uTYy9U48GISMGLd0gPLjIGZsZ5hXQ&category=acrcp_v1_40&sig=AOD64_2_gDBowvA3pvVHvvESH7bxBFz09Q&q&nis=4&adurl,,https://bingx.com/en/signalTrade/createBotOrder/?ref=SJJEEF&gad_source=1&gad_campaignid=22658258313&gbraid=0AAAAApDqXo_tK-UXs1CfAst8xVTBfuWNp&gclid=EAIaIQobChMIzbenzb7KjwMVqMJMAh2esQ5HEAAYASAAEgK8c_D_BwE,SJJEEF,,,,1,2025-09-09 09:06:22.083269
bingx exchange,de,Bingx | Fast Deposit & Withdrawal | Bingx Official Site,https://www.googleadservices.com/pagead/aclk?sa=L&ai=DChsSEwjNt6fNvsqPAxWowkwCHZ6xDkcYACICCAIQABoCdG0&co=1&ase=2&gclid=EAIaIQobChMIzbenzb7KjwMVqMJMAh2esQ5HEAMYASAAEgJhe_D_BwE&ohost=www.google.com&cid=CAASJORoJtOHRerU1Lv-4M0u2uTYy9U48GISMGLd0gPLjIGZsZ5hXQ&category=acrcp_v1_40&sig=AOD64_0_tly8hubt1oJdUD_ajfbNAVYXuQ&q&nis=4&adurl,,https://bingx.com/en/signalTrade/createBotOrder/?ref=IGXFYC&gad_source=1&gad_campaignid=22664365835&gbraid=0AAAAApDpv3-33IlG8CulsVnyfnPQuLfzN&gclid=EAIaIQobChMIzbenzb7KjwMVqMJMAh2esQ5HEAMYASAAEgJhe_D_BwE,IGXFYC,,,,2,2025-09-09 09:06:22.083269
bingx,fr,Bingx,https://www.googleadservices.com/pagead/aclk?sa=L&ai=DChsSEwj5vcvDvsqPAxVOgoMHHZiDNUkYACICCAEQABoCZWY&co=1&ase=2&gclid=EAIaIQobChMI-b3Lw77KjwMVToKDBx2YgzVJEAAYASAAEgL76fD_BwE&ohost=www.google.com&cid=CAASJeRotC6r76Zf3Tdibb8EmiXFLRKL8g5_0p34dyu49IMaDj5ncZ8&category=acrcp_v1_40&sig=AOD64_31r6xbt8eUFDXhqHK-Sl0wzNOLPA&q&nis=4&adurl,,https://bingx.com/en/signalTrade/createBotOrder/?ref=IGXFYC&gad_source=1&gad_campaignid=22664293181&gbraid=0AAAAApCrACZnAZsf1Q7XSOT9K6lMEOn8x&gclid=EAIaIQobChMI-b3Lw77KjwMVToKDBx2YgzVJEAAYASAAEgL76fD_BwE,IGXFYC,,,,1,2025-09-09 09:06:02.139021
bingx,fr,Bingx Official Site - Fast Deposit & Withdrawal - Bingx,https://www.googleadservices.com/pagead/aclk?sa=L&ai=DChsSEwj5vcvDvsqPAxVOgoMHHZiDNUkYACICCAIQABoCZWY&co=1&ase=2&gclid=EAIaIQobChMI-b3Lw77KjwMVToKDBx2YgzVJEAMYASAAEgK8GPD_BwE&ohost=www.google.com&cid=CAASJeRotC6r76Zf3Tdibb8EmiXFLRKL8g5_0p34dyu49IMaDj5ncZ8&category=acrcp_v1_40&sig=AOD64_3mUFuT9JFxF5CW2lwIDdkzb4PjSQ&q&nis=4&adurl,,https://bingx.com/en/signalTrade/createBotOrder/?ref=IGXFYC&gad_source=1&gad_campaignid=22664293181&gbraid=0AAAAApCrACZnAZsf1Q7XSOT9K6lMEOn8x&gclid=EAIaIQobChMI-b3Lw77KjwMVToKDBx2YgzVJEAMYASAAEgK8GPD_BwE,IGXFYC,,,,2,2025-09-09 09:06:02.139021
bingx,ja,Bingx,https://www.google.com/aclk?sa=L&ai=DChsSEwiQhe6_vsqPAxW4m2wJHd4ABCcYACICCAEQABoCc2Y&co=1&ase=2&gclid=EAIaIQobChMIkIXuv77KjwMVuJtsCR3eAAQnEAAYASAAEgJ9_vD_BwE&cce=2&category=acrcp_v1_32&sig=AOD64_2SVIzZHE_KK5OEUH8JU78s01v76A&q&nis=4&adurl,,https://bingx.com/en/signalTrade/createBotOrder/?ref=IGXFYC&gad_source=1&gad_campaignid=22664365835&gbraid=0AAAAApDpv3-33IlG8CulsVnyfnPQuLfzN&gclid=EAIaIQobChMIkIXuv77KjwMVuJtsCR3eAAQnEAAYASAAEgJ9_vD_BwE,IGXFYC,,,,1,2025-09-09 09:05:53.283739
bingx,ja,Bingx Official Site,https://www.google.com/aclk?sa=L&ai=DChsSEwiQhe6_vsqPAxW4m2wJHd4ABCcYACICCAIQABoCc2Y&co=1&ase=2&gclid=EAIaIQobChMIkIXuv77KjwMVuJtsCR3eAAQnEAMYASAAEgKi3vD_BwE&cce=2&category=acrcp_v1_32&sig=AOD64_0gGtoCX8oCZTXAqLnfNhbNQVXSjg&q&nis=4&adurl,,https://bingx.com/en/signalTrade/createBotOrder/?ref=SJJEEF&gad_source=1&gad_campaignid=22658258313&gbraid=0AAAAApDqXo_tK-UXs1CfAst8xVTBfuWNp&gclid=EAIaIQobChMIkIXuv77KjwMVuJtsCR3eAAQnEAMYASAAEgKi3vD_BwE,SJJEEF,,,,2,2025-09-09 09:05:53.283739
bingx,tw,BingX Official Site | BingX Trading Data,https://www.google.com/aclk?sa=L&ai=DChsSEwiVqv3zvMqPAxVS5RYFHdwAEj8YACICCAIQABoCdGw&ae=2&co=1&ase=2&gclid=EAIaIQobChMIlar987zKjwMVUuUWBR3cABI_EAMYASAAEgKuUvD_BwE&cce=2&category=acrcp_v1_71&sig=AOD64_3xGDbZFlhar4VV4QzS0h5acjTnyQ&q&nis=4&adurl,,https://bingx.com/?ch=google_cpc_sem_infi_ww_bingxoffical&ref=AVSTF3&utm_campaign=sem_infi_ww_bingxoffical&utm_medium=cpc&utm_source=google&gclsrc=aw.ds&gad_source=1&gad_campaignid=22616120115&gbraid=0AAAAA-DO3fAJugMfQLpiV8KoxR4Qzmoja&gclid=EAIaIQobChMIlar987zKjwMVUuUWBR3cABI_EAMYASAAEgKuUvD_BwE,AVSTF3,,,,1,2025-09-09 08:58:45.426875
bingx,fr,Bingx,https://www.google.com/aclk?sa=L&ai=DChsSEwjHu92DvMqPAxWwqf0FHdeDJlgYACICCAEQABoCd2Y&co=1&ase=2&gclid=EAIaIQobChMIx7vdg7zKjwMVsKn9BR3XgyZYEAAYASAAEgIQn_D_BwE&cce=2&category=acrcp_v1_32&sig=AOD64_1d6rfM27MRJLJeBu1M4X4HeodAiA&q&nis=4&adurl,,,,,,,1,2025-09-09 08:54:47.684490
bingx,fr,Bingx,https://www.google.com/aclk?sa=L&ai=DChsSEwjHu92DvMqPAxWwqf0FHdeDJlgYACICCAIQABoCd2Y&co=1&ase=2&gclid=EAIaIQobChMIx7vdg7zKjwMVsKn9BR3XgyZYEAMYASAAEgL9IPD_BwE&cce=2&category=acrcp_v1_32&sig=AOD64_0AXftAb3itP-KanKr7Uk6gntimvQ&q&nis=4&adurl,,,,,,,2,2025-09-09 08:54:47.684490
bingx,in,BingX,,,,,,,"A top crypto exchange & social trading platform. Buy Bitcoin, trade 750+ cryptocurrencies, and use copy trading tools. Start trading today!",1,2025-09-09 08:24:01.982110
bingx,in,BingX,https://bingx.com/en/accounts/login,https://bingx.com/en/accounts/login,,,,,"A top crypto exchange & social trading platform. Buy Bitcoin, trade 750+ cryptocurrencies, and use copy trading tools. Start trading today!",9,2025-09-09 08:24:01.982110
bingx,in,BingX,https://bingx.com/en,https://bingx.com/en,,,,,"A top crypto exchange & social trading platform. Buy Bitcoin, trade 750+ cryptocurrencies, and use copy trading tools. Start trading today!",10,2025-09-09 08:24:01.982110
bingx,in,BingX App Download,https://bingx.com/en/download,https://bingx.com/en/download,,,,,,14,2025-09-09 08:24:01.982110
bingx,in,BingX Academy,https://bingx.com/en/guide,https://bingx.com/en/guide,,,,,,15,2025-09-09 08:24:01.982110
bingx,in,"BingX Trade BTC, Buy Crypto - Apps on Google Play",https://play.google.com/store/apps/details?id=pro.bingbon.app,https://play.google.com/store/apps/details?id=pro.bingbon.app,,,,,,17,2025-09-09 08:24:01.982110
bingx,in,"Offers Spot, Derivatives, Copy, and Grid Trading Services",https://bingx.com/partner/BL,https://bingx.com/partner/BL,,,,,,19,2025-09-09 08:24:01.982110
bingx,in,BingX,https://pa.linkedin.com/company/bingxofficial,https://pa.linkedin.com/company/bingxofficial,,,,,"Founded in 2018, BingX is a leading crypto exchange and Web3 AI company, serving a global community of over 20 million users. With a comprehensive suite of ...",24,2025-09-09 08:24:01.982110
bingx,in,BingX: Buy Bitcoin & Crypto 12+ - App Store,https://apps.apple.com/us/app/bingx-buy-bitcoin-crypto/id1500217666,https://apps.apple.com/us/app/bingx-buy-bitcoin-crypto/id1500217666,,,,,"BingX is a global cryptocurrency exchange that offers diversified products and services, including spot, derivatives, copy trading and wealth management – all ...",25,2025-09-09 08:24:01.982110
bingx,in,BingX trade volume and market listings,https://coinmarketcap.com/exchanges/bingx/,https://coinmarketcap.com/exchanges/bingx/,,,,,,26,2025-09-09 08:24:01.982110
bingx,in,BingX (@BingXOfficial) / X,https://x.com/bingxofficial,https://x.com/bingxofficial,,,,,A leading crypto exchange and Web3 AI company | Listings on @BingXListing | Official cryptocurrency partner of @ChelseaFC.,28,2025-09-09 08:24:01.982110
bingx,in,"BingX Statistics: Markets, Trading Volume & Trust Score",https://www.coingecko.com/en/exchanges/bingx,https://www.coingecko.com/en/exchanges/bingx,,,,,,29,2025-09-09 08:24:01.982110
bingx,in,BingX (@bingxofficial) • Instagram photos and videos,https://www.instagram.com/bingxofficial/,https://www.instagram.com/bingxofficial/,,,,,A leading crypto exchange and Web3 AI company. Official cryptocurrency partner of @Chelseafc. bit.ly/m/bingx_official,31,2025-09-09 08:24:01.982110
bingx,in,हिंदी में देखने के लिए क्लिक करें,https://translate.google.com/translate?u=https://www.tradingview.com/broker/BingX/&hl=hi&sl=en&tl=hi&client=search,https://translate.google.com/translate?u=https://www.tradingview.com/broker/BingX/&hl=hi&sl=en&tl=hi&client=search,,,,,,32,2025-09-09 08:24:01.982110
bingx,in,BingX — Reviews and Terms,https://www.tradingview.com/broker/BingX/,https://www.tradingview.com/broker/BingX/,,,,,"Trade & invest with BingX. Reviews by verified customers, latest terms & conditions for accounts, research ideas & scripts posted by brokers.",34,2025-09-09 08:24:01.982110
